{
    "__comment": "Made with TheDestruc7i0n's advancements generator: https://advancements.thedestruc7i0n.ca",
    "criteria": {
        "c1": {
            "trigger": "minecraft:levitation",
            "conditions": {
                "distance": {
                    "absolute": {
                        "min": 0,
                        "max": 20
                    },
                    "horizontal": {
                        "min": 0,
                        "max": 20
                    },
                    "x": {
                        "min": 1104,
                        "max": 1104
                    },
                    "y": {
                        "min": 70,
                        "max": 70
                    },
                    "z": {
                        "min": 3299,
                        "max": 3299
                    }
                }
            }
        }
    },
    "display": {
        "title": {
            "text": "旧神的心树",
            "color": "red"
        },
        "description": {
            "text": "穿越心树之下"
        },
        "icon": {
            "item": "minecraft:stripped_birch_wood"
        },
        "frame": "task",
        "show_toast": true,
        "announce_to_chat": true,
        "hidden": false
    },
    "parent": "adventure:root"
}