{
    "__comment": "Made with TheDestruc7i0n's advancements generator: https://advancements.thedestruc7i0n.ca",
    "criteria": {
        "c1": {
            "trigger": "minecraft:levitation",
            "conditions": {
                "distance": {
                    "absolute": {
                        "max": 10,
                        "min": 0
                    },
                    "horizontal": {
                        "min": 0,
                        "max": 10
                    },
                    "x": {
                        "min": 1105,
                        "max": 1105
                    },
                    "y": {
                        "min": 41,
                        "max": 41
                    },
                    "z": {
                        "min": 3294,
                        "max": 3294
                    }
                }
            }
        }
    },
    "display": {
        "title": {
            "text": "地铁？",
            "bold": false
        },
        "description": {
            "text": "找到临冬心树下的地铁"
        },
        "icon": {
            "item": "minecraft:compass"
        },
        "frame": "task",
        "show_toast": true,
        "announce_to_chat": true,
        "hidden": false
    },
    "parent": "adventure:1"
}