{
    "__comment": "Made with TheDestruc7i0n's advancements generator: https://advancements.thedestruc7i0n.ca",
    "criteria": {
        "c1": {
            "trigger": "minecraft:levitation",
            "conditions": {
                "distance": {
                    "absolute": {
                        "max": 15,
                        "min": 0
                    },
                    "horizontal": {
                        "min": 0,
                        "max": 20
                    },
                    "x": {
                        "min": 759,
                        "max": 759
                    },
                    "y": {
                        "min": 64,
                        "max": 64
                    },
                    "z": {
                        "min": 3304,
                        "max": 3304
                    }
                }
            }
        }
    },
    "display": {
        "title": {
            "text": "黑城堡的小教堂"
        },
        "description": {
            "text": "向七神诚心地祈祷吧"
        },
        "icon": {
            "item": "minecraft:infested_stone_bricks"
        },
        "frame": "task",
        "show_toast": true,
        "announce_to_chat": true,
        "hidden": false
    },
    "parent": "adventure:4"
}