{
    "__comment": "Made with TheDestruc7i0n's advancements generator: https://advancements.thedestruc7i0n.ca",
    "criteria": {
        "c1": {
            "trigger": "minecraft:levitation",
            "conditions": {
                "distance": {
                    "absolute": {
                        "max": 15,
                        "min": 0
                    },
                    "horizontal": {
                        "min": 0,
                        "max": 20
                    },
                    "x": {
                        "min": 835,
                        "max": 835
                    },
                    "y": {
                        "min": 69,
                        "max": 69
                    },
                    "z": {
                        "min": 3391,
                        "max": 3391
                    }
                }
            }
        }
    },
    "display": {
        "title": {
            "text": "大战现场"
        },
        "description": {
            "text": "临冬建筑工会前的迷汁刀光"
        },
        "icon": {
            "item": "minecraft:diamond_sword"
        },
        "frame": "task",
        "show_toast": true,
        "announce_to_chat": true,
        "hidden": false
    },
    "parent": "adventure:root"
}