{
    "__comment": "Made with TheDestruc7i0n's advancements generator: https://advancements.thedestruc7i0n.ca",
    "criteria": {
        "c1": {
            "trigger": "minecraft:levitation",
            "conditions": {
                "distance": {
                    "absolute": {
                        "max": 20,
                        "min": 0
                    },
                    "horizontal": {
                        "min": 0,
                        "max": 20
                    },
                    "x": {
                        "min": 974,
                        "max": 974
                    },
                    "y": {
                        "min": 71,
                        "max": 71
                    },
                    "z": {
                        "min": 3305,
                        "max": 3305
                    }
                }
            }
        }
    },
    "display": {
        "title": {
            "text": "摩天轮"
        },
        "description": {
            "text": "临冬北方的奇怪大轮盘"
        },
        "icon": {
            "item": "minecraft:music_disc_cat"
        },
        "frame": "task",
        "show_toast": true,
        "announce_to_chat": true,
        "hidden": false
    },
    "parent": "adventure:root"
}