{
    "__comment": "Made with TheDestruc7i0n's advancements generator: https://advancements.thedestruc7i0n.ca",
    "criteria": {
        "c1": {
            "trigger": "minecraft:levitation",
            "conditions": {
                "distance": {
                    "absolute": {
                        "min": 0,
                        "max": 20
                    },
                    "horizontal": {
                        "min": 0,
                        "max": 20
                    },
                    "x": {
                        "min": 847,
                        "max": 847
                    },
                    "y": {
                        "min": 64,
                        "max": 64
                    },
                    "z": {
                        "min": 3136,
                        "max": 3136
                    }
                }
            }
        }
    },
    "display": {
        "title": {
            "text": "西北港"
        },
        "description": {
            "text": "临冬河畔的港口"
        },
        "icon": {
            "item": "minecraft:map"
        },
        "frame": "task",
        "show_toast": true,
        "announce_to_chat": true,
        "hidden": false
    },
    "parent": "adventure:8"
}